RANK	DB	ID	ALT_ID	CONSENSUS	TP	TP%	FP	FP%	ENR_RATIO	SCORE_THR	PVALUE	LOG_PVALUE	EVALUE	LOG_EVALUE	QVALUE	LOG_QVALUE
1	motif_db/MOUSE/HOCOMOCOv11_core_MOUSE_mono_meme_format.meme	KLF1_MOUSE.H11MO.0.A		DGGGYGKGGCYGGG	714	26.27	165	6.07	4.31	8.1	1.01e-96	-221.04	3.61e-94	-215.16	2.06e-94	-215.72
2	motif_db/MOUSE/HOCOMOCOv11_core_MOUSE_mono_meme_format.meme	KLF5_MOUSE.H11MO.0.A		RGGGSWGGGHGGGGC	707	26.01	171	6.29	4.12	8.2	4.44e-92	-210.35	1.59e-89	-204.47	4.53e-90	-205.72
3	motif_db/MOUSE/HOCOMOCOv11_core_MOUSE_mono_meme_format.meme	KLF4_MOUSE.H11MO.0.A		KRRRVWGGGTGKGGC	636	23.40	159	5.85	3.98	8.6	2.96e-79	-180.82	1.06e-76	-174.94	2.01e-77	-176.60
4	motif_db/MOUSE/HOCOMOCOv11_core_MOUSE_mono_meme_format.meme	KLF3_MOUSE.H11MO.0.A		GGRGVDGGGCGGGGCYGGG	842	30.98	292	10.74	2.88	6.6	7.41e-78	-177.60	2.65e-75	-171.72	3.78e-76	-173.67
5	motif_db/MOUSE/HOCOMOCOv11_core_MOUSE_mono_meme_format.meme	SALL4_MOUSE.H11MO.0.A		GSDGGGWGGG	655	24.10	290	10.67	2.25	8	6.65e-40	-90.21	2.38e-37	-84.33	2.71e-38	-86.50
6	motif_db/MOUSE/HOCOMOCOv11_core_MOUSE_mono_meme_format.meme	KLF6_MOUSE.H11MO.0.B		GSRRGGGHGGGGMHGGGRV	816	30.02	467	17.18	1.75	6.3	2.86e-29	-65.72	1.02e-26	-59.84	9.72e-28	-62.20
7	motif_db/MOUSE/HOCOMOCOv11_core_MOUSE_mono_meme_format.meme	SP3_MOUSE.H11MO.0.B		SGVVGGGGGCGGGGCBRGSS	604	22.22	313	11.52	1.93	7	1.87e-26	-59.24	6.68e-24	-53.36	5.44e-25	-55.87
8	motif_db/MOUSE/HOCOMOCOv11_core_MOUSE_mono_meme_format.meme	SP4_MOUSE.H11MO.0.B		SRGVARGRGGCGGRGCHDRR	763	28.07	479	17.62	1.59	5.5	2.28e-20	-45.23	8.18e-18	-39.35	5.83e-19	-41.99
9	motif_db/MOUSE/HOCOMOCOv11_core_MOUSE_mono_meme_format.meme	CTCFL_MOUSE.H11MO.0.A		GCCRSCAGGGGGCGCYVB	182	6.70	51	1.88	3.52	7.8	1.82e-19	-43.15	6.52e-17	-37.27	4.13e-18	-40.03
10	motif_db/MOUSE/HOCOMOCOv11_core_MOUSE_mono_meme_format.meme	EGR1_MOUSE.H11MO.0.A		GKGCGKGGGCGGGG	881	32.41	591	21.74	1.49	1.3	4.67e-19	-42.21	1.67e-16	-36.33	9.53e-18	-39.19
11	motif_db/MOUSE/HOCOMOCOv11_core_MOUSE_mono_meme_format.meme	EGR2_MOUSE.H11MO.0.A		KGHGTGGGHGGGGG	316	11.63	144	5.30	2.19	8.5	1.81e-17	-38.55	6.48e-15	-32.67	3.36e-16	-35.63
12	motif_db/MOUSE/HOCOMOCOv11_core_MOUSE_mono_meme_format.meme	CTCF_MOUSE.H11MO.0.A		YGGCCASCAGRGGGCGCYVB	219	8.06	88	3.24	2.47	5.8	4.53e-15	-33.03	1.62e-12	-27.15	7.70e-14	-30.19
13	motif_db/MOUSE/HOCOMOCOv11_core_MOUSE_mono_meme_format.meme	E2F4_MOUSE.H11MO.0.A		RGGGGGCGGGRMNN	1052	38.70	807	29.69	1.3	4.1	1.44e-12	-27.27	5.14e-10	-21.39	2.25e-11	-24.52
14	motif_db/MOUSE/HOCOMOCOv11_core_MOUSE_mono_meme_format.meme	SP2_MOUSE.H11MO.0.B		GGSSVGGGGGCGGGGCCDGSGS	420	15.45	257	9.46	1.63	7.1	1.18e-11	-25.17	4.22e-9	-19.28	1.72e-10	-22.49
15	motif_db/MOUSE/HOCOMOCOv11_core_MOUSE_mono_meme_format.meme	SOX2_MOUSE.H11MO.0.A		KCYWTTGTHATGCWAA	108	3.97	33	1.21	3.21	10	4.96e-11	-23.73	1.78e-8	-17.85	6.75e-10	-21.12
16	motif_db/MOUSE/HOCOMOCOv11_core_MOUSE_mono_meme_format.meme	SP5_MOUSE.H11MO.0.C		RRGGRGGRGGRGRRGGGGGAGGRG	835	30.72	628	23.11	1.33	3.2	1.42e-10	-22.68	5.07e-8	-16.80	1.81e-9	-20.13
17	motif_db/MOUSE/HOCOMOCOv11_core_MOUSE_mono_meme_format.meme	NANOG_MOUSE.H11MO.0.A		BCYWTTGTBATGYWAAT	80	2.94	20	0.74	3.86	12	3.99e-10	-21.64	1.43e-7	-15.76	4.79e-9	-19.16
18	motif_db/MOUSE/HOCOMOCOv11_core_MOUSE_mono_meme_format.meme	RUNX3_MOUSE.H11MO.0.A		KKCTGTGGTTWS	1127	41.46	916	33.70	1.23	3.1	2.00e-9	-20.03	7.14e-7	-14.15	2.26e-8	-17.60
19	motif_db/MOUSE/HOCOMOCOv11_core_MOUSE_mono_meme_format.meme	KLF15_MOUSE.H11MO.0.A		RGGGMGGRGVDGGGGGRGG	321	11.81	197	7.25	1.63	7.2	5.79e-9	-18.97	2.07e-6	-13.09	6.22e-8	-16.59
20	motif_db/MOUSE/HOCOMOCOv11_core_MOUSE_mono_meme_format.meme	ZN281_MOUSE.H11MO.0.A		GGGGTGGGGGAGGGG	290	10.67	179	6.59	1.62	0.65	4.76e-8	-16.86	1.70e-5	-10.98	4.86e-7	-14.54
21	motif_db/MOUSE/HOCOMOCOv11_core_MOUSE_mono_meme_format.meme	SP1_MOUSE.H11MO.0.A		GGVGGGGGVGGGGGMGGGGCSGGG	624	22.96	472	17.37	1.32	2.9	1.60e-7	-15.65	5.74e-5	-9.77	1.56e-6	-13.37
22	motif_db/MOUSE/HOCOMOCOv11_core_MOUSE_mono_meme_format.meme	RXRA_MOUSE.H11MO.0.A		RRGRKSRDRAGKTCAAGGYCA	141	5.19	70	2.58	2	7.7	3.55e-7	-14.85	1.27e-4	-8.97	3.29e-6	-12.62
23	motif_db/MOUSE/HOCOMOCOv11_core_MOUSE_mono_meme_format.meme	RXRG_MOUSE.H11MO.0.B		GRGGRTCARRAGKTCAAGGTCA	21	0.77	0	0.00	22	15	4.59e-7	-14.59	1.64e-4	-8.71	4.07e-6	-12.41
24	motif_db/MOUSE/HOCOMOCOv11_core_MOUSE_mono_meme_format.meme	STAT1_MOUSE.H11MO.0.A		RRRAAAHWGAAASTVAARVARR	549	20.20	412	15.16	1.33	3.7	6.44e-7	-14.26	2.30e-4	-8.38	5.47e-6	-12.12
25	motif_db/MOUSE/HOCOMOCOv11_core_MOUSE_mono_meme_format.meme	NR5A2_MOUSE.H11MO.0.A		KBYCAAGGYCA	97	3.57	41	1.51	2.33	10	7.75e-7	-14.07	2.78e-4	-8.19	6.30e-6	-11.97
26	motif_db/MOUSE/HOCOMOCOv11_core_MOUSE_mono_meme_format.meme	MAZ_MOUSE.H11MO.0.A		GGGGGAGGGGGDGRGRRRGRRG	352	12.95	241	8.87	1.46	7	8.03e-7	-14.03	2.87e-4	-8.15	6.30e-6	-11.97
27	motif_db/MOUSE/HOCOMOCOv11_core_MOUSE_mono_meme_format.meme	SRY_MOUSE.H11MO.0.B		YWTTGTTTH	516	18.98	384	14.13	1.34	7.1	8.46e-7	-13.98	3.03e-4	-8.10	6.39e-6	-11.96
28	motif_db/MOUSE/HOCOMOCOv11_core_MOUSE_mono_meme_format.meme	KLF8_MOUSE.H11MO.0.C		CAGGGKGTG	377	13.87	264	9.71	1.43	6.2	1.18e-6	-13.65	4.21e-4	-7.77	8.58e-6	-11.67
29	motif_db/MOUSE/HOCOMOCOv11_core_MOUSE_mono_meme_format.meme	ZBT17_MOUSE.H11MO.0.A		GGSGGHGGGGGAGGGGMGG	151	5.56	82	3.02	1.83	10	2.28e-6	-12.99	8.17e-4	-7.11	1.61e-5	-11.04
30	motif_db/MOUSE/HOCOMOCOv11_core_MOUSE_mono_meme_format.meme	ZIC2_MOUSE.H11MO.0.C		DGCYHCCTGCTGWGH	21	0.77	1	0.04	11	13	5.29e-6	-12.15	1.90e-3	-6.27	3.60e-5	-10.23
31	motif_db/MOUSE/HOCOMOCOv11_core_MOUSE_mono_meme_format.meme	ERR3_MOUSE.H11MO.0.C		YCAAGGTCAC	449	16.52	336	12.36	1.34	6.3	7.54e-6	-11.80	2.70e-3	-5.92	4.96e-5	-9.91
32	motif_db/MOUSE/HOCOMOCOv11_core_MOUSE_mono_meme_format.meme	PO5F1_MOUSE.H11MO.0.A		CYWTTGWHATGCAAAT	392	14.42	289	10.63	1.36	4.3	1.42e-5	-11.16	5.09e-3	-5.28	9.06e-5	-9.31
33	motif_db/MOUSE/HOCOMOCOv11_core_MOUSE_mono_meme_format.meme	ERR1_MOUSE.H11MO.0.A		WGBTCAAGGTCA	300	11.04	211	7.76	1.42	3.6	2.08e-5	-10.78	7.44e-3	-4.90	1.28e-4	-8.96
34	motif_db/MOUSE/HOCOMOCOv11_core_MOUSE_mono_meme_format.meme	TCF7_MOUSE.H11MO.0.A		VRASAWSAAAGVVRVV	899	33.08	761	28.00	1.18	5.3	2.72e-5	-10.51	9.73e-3	-4.63	1.63e-4	-8.72
35	motif_db/MOUSE/HOCOMOCOv11_core_MOUSE_mono_meme_format.meme	IRF8_MOUSE.H11MO.0.A		RAAARRGGAASTGAAASTDR	402	14.79	303	11.15	1.33	2.5	3.72e-5	-10.20	1.33e-2	-4.32	2.17e-4	-8.44
36	motif_db/MOUSE/HOCOMOCOv11_core_MOUSE_mono_meme_format.meme	STAT2_MOUSE.H11MO.0.A		RRGRAAAHGAAACTGAAAV	505	18.58	404	14.86	1.25	0.82	1.38e-4	-8.89	4.93e-2	-3.01	7.66e-4	-7.17
37	motif_db/MOUSE/HOCOMOCOv11_core_MOUSE_mono_meme_format.meme	IRF1_MOUSE.H11MO.0.A		RRAANWGAAASTGAAASYRR	217	7.98	149	5.48	1.45	2.6	1.39e-4	-8.88	4.97e-2	-3.00	7.66e-4	-7.17
38	motif_db/MOUSE/HOCOMOCOv11_core_MOUSE_mono_meme_format.meme	E2F1_MOUSE.H11MO.0.A		GRGGGCGGGRMV	1534	56.44	1402	51.58	1.09	2	1.81e-4	-8.61	6.50e-2	-2.73	9.74e-4	-6.93
39	motif_db/MOUSE/HOCOMOCOv11_core_MOUSE_mono_meme_format.meme	E2F7_MOUSE.H11MO.0.C		GDGGCGGGAARDR	1167	42.94	1043	38.37	1.12	4.2	3.41e-4	-7.98	1.22e-1	-2.10	1.78e-3	-6.33
40	motif_db/MOUSE/HOCOMOCOv11_core_MOUSE_mono_meme_format.meme	RARA_MOUSE.H11MO.0.A		GGRTCARRAGTTCAAGGTCA	289	10.63	217	7.98	1.33	2.4	4.52e-4	-7.70	1.62e-1	-1.82	2.30e-3	-6.07
41	motif_db/MOUSE/HOCOMOCOv11_core_MOUSE_mono_meme_format.meme	RFX6_MOUSE.H11MO.0.C		SKGTTGCYNDG	102	3.75	61	2.24	1.66	9.5	6.98e-4	-7.27	2.50e-1	-1.39	3.47e-3	-5.66
42	motif_db/MOUSE/HOCOMOCOv11_core_MOUSE_mono_meme_format.meme	NFE2_MOUSE.H11MO.0.A		ATGACTCAGCARWW	18	0.66	3	0.11	4.75	11	7.30e-4	-7.22	2.61e-1	-1.34	3.55e-3	-5.64
43	motif_db/MOUSE/HOCOMOCOv11_core_MOUSE_mono_meme_format.meme	E2F6_MOUSE.H11MO.0.A		NKGGCGGGARRG	191	7.03	135	4.97	1.41	8.8	8.21e-4	-7.10	2.94e-1	-1.22	3.90e-3	-5.55
44	motif_db/MOUSE/HOCOMOCOv11_core_MOUSE_mono_meme_format.meme	ZIC3_MOUSE.H11MO.0.A		GGCYHCCTGCTGWGH	10	0.37	0	0.00	11	15	9.68e-4	-6.94	3.47e-1	-1.06	4.49e-3	-5.41
45	motif_db/MOUSE/HOCOMOCOv11_core_MOUSE_mono_meme_format.meme	FOXJ2_MOUSE.H11MO.0.C		TGTTTRTTTW	388	14.28	314	11.55	1.23	3.3	1.57e-3	-6.46	5.61e-1	-0.58	7.10e-3	-4.95
46	motif_db/MOUSE/HOCOMOCOv11_core_MOUSE_mono_meme_format.meme	LEF1_MOUSE.H11MO.0.B		BCCTTTSWWNTBYH	1078	39.66	973	35.80	1.11	5.2	1.80e-3	-6.32	6.46e-1	-0.44	8.00e-3	-4.83
47	motif_db/MOUSE/HOCOMOCOv11_core_MOUSE_mono_meme_format.meme	IRF2_MOUSE.H11MO.0.B		RAAAVHGAAAGTGAAASTRV	188	6.92	137	5.04	1.37	2.8	2.08e-3	-6.17	7.46e-1	-0.29	9.05e-3	-4.71
48	motif_db/MOUSE/HOCOMOCOv11_core_MOUSE_mono_meme_format.meme	STF1_MOUSE.H11MO.0.B		SYYCAAGGYCA	358	13.17	289	10.63	1.24	6.9	2.18e-3	-6.13	7.82e-1	-0.25	9.28e-3	-4.68
49	motif_db/MOUSE/HOCOMOCOv11_core_MOUSE_mono_meme_format.meme	TF7L1_MOUSE.H11MO.0.A		BBCTTTGAWST	1646	60.56	1543	56.77	1.07	1.9	2.48e-3	-6.00	8.88e-1	-0.12	1.03e-2	-4.57
50	motif_db/MOUSE/HOCOMOCOv11_core_MOUSE_mono_meme_format.meme	IRF4_MOUSE.H11MO.0.A		RAAARRGGAASTGARASH	217	7.98	164	6.03	1.32	6.8	2.84e-3	-5.87	1.02e0	0.02	1.16e-2	-4.46
51	motif_db/MOUSE/HOCOMOCOv11_core_MOUSE_mono_meme_format.meme	NR2E3_MOUSE.H11MO.0.C		AAAGTCAAAAGTCA	1350	49.67	1249	45.95	1.08	0.65	3.31e-3	-5.71	1.18e0	0.17	1.31e-2	-4.34
52	motif_db/MOUSE/HOCOMOCOv11_core_MOUSE_mono_meme_format.meme	FOXO1_MOUSE.H11MO.0.A		KBBTGTTTAC	1415	52.06	1314	48.34	1.08	2.8	3.33e-3	-5.70	1.19e0	0.18	1.31e-2	-4.34
53	motif_db/MOUSE/HOCOMOCOv11_core_MOUSE_mono_meme_format.meme	ETV2_MOUSE.H11MO.0.A		RRARRCAGGAARYRGS	556	20.46	478	17.59	1.16	2.3	3.89e-3	-5.55	1.39e0	0.33	1.50e-2	-4.20
54	motif_db/MOUSE/HOCOMOCOv11_core_MOUSE_mono_meme_format.meme	NR2C2_MOUSE.H11MO.0.A		RGGTCARAGGTCA	85	3.13	54	1.99	1.56	9.6	4.85e-3	-5.33	1.74e0	0.55	1.83e-2	-4.00
55	motif_db/MOUSE/HOCOMOCOv11_core_MOUSE_mono_meme_format.meme	IRF3_MOUSE.H11MO.0.A		RAAARGGAAAVDGAAASDGA	57	2.10	32	1.18	1.76	10	4.96e-3	-5.31	1.78e0	0.57	1.84e-2	-3.99
56	motif_db/MOUSE/HOCOMOCOv11_core_MOUSE_mono_meme_format.meme	PO3F1_MOUSE.H11MO.0.C		CTCATGMATATKYAWD	314	11.55	255	9.38	1.23	6.6	5.06e-3	-5.29	1.81e0	0.60	1.84e-2	-3.99
57	motif_db/MOUSE/HOCOMOCOv11_core_MOUSE_mono_meme_format.meme	PO2F1_MOUSE.H11MO.0.C		AWKBRWATGSAAWYAW	368	13.54	305	11.22	1.21	5.8	5.32e-3	-5.24	1.90e0	0.64	1.90e-2	-3.96
58	motif_db/MOUSE/HOCOMOCOv11_core_MOUSE_mono_meme_format.meme	JUN_MOUSE.H11MO.0.A		DVTGAGTCAY	275	10.12	220	8.09	1.25	6.5	5.42e-3	-5.22	1.94e0	0.66	1.91e-2	-3.96
59	motif_db/MOUSE/HOCOMOCOv11_core_MOUSE_mono_meme_format.meme	AHR_MOUSE.H11MO.0.B		DTYGCGTGM	436	16.04	369	13.58	1.18	5.8	5.85e-3	-5.14	2.09e0	0.74	2.02e-2	-3.90
60	motif_db/MOUSE/HOCOMOCOv11_core_MOUSE_mono_meme_format.meme	AP2C_MOUSE.H11MO.0.A		YRSCCYCAGGSYN	63	2.32	38	1.40	1.64	11	7.76e-3	-4.86	2.78e0	1.02	2.55e-2	-3.67
61	motif_db/MOUSE/HOCOMOCOv11_core_MOUSE_mono_meme_format.meme	FOXA2_MOUSE.H11MO.0.A		YBYTGTTTACWYW	1186	43.64	1097	40.36	1.08	0.31	7.79e-3	-4.85	2.79e0	1.03	2.55e-2	-3.67
62	motif_db/MOUSE/HOCOMOCOv11_core_MOUSE_mono_meme_format.meme	IKZF1_MOUSE.H11MO.0.C		BTGGGARR	319	11.74	263	9.68	1.21	8.3	7.89e-3	-4.84	2.82e0	1.04	2.55e-2	-3.67
63	motif_db/MOUSE/HOCOMOCOv11_core_MOUSE_mono_meme_format.meme	MITF_MOUSE.H11MO.0.A		YCWYGTGACY	22	0.81	8	0.29	2.56	12	7.92e-3	-4.84	2.84e0	1.04	2.55e-2	-3.67
64	motif_db/MOUSE/HOCOMOCOv11_core_MOUSE_mono_meme_format.meme	FOXP2_MOUSE.H11MO.0.A		BTGTTTACN	360	13.25	301	11.07	1.2	7.3	8.02e-3	-4.83	2.87e0	1.05	2.55e-2	-3.67
65	motif_db/MOUSE/HOCOMOCOv11_core_MOUSE_mono_meme_format.meme	EHF_MOUSE.H11MO.0.B		VWACSAGGAAGTDVS	79	2.91	51	1.88	1.54	9.1	8.11e-3	-4.81	2.90e0	1.07	2.55e-2	-3.67
66	motif_db/MOUSE/HOCOMOCOv11_core_MOUSE_mono_meme_format.meme	NF2L2_MOUSE.H11MO.0.A		RTGACTCAGCADWW	886	32.60	804	29.58	1.1	4.3	8.80e-3	-4.73	3.15e0	1.15	2.72e-2	-3.60
67	motif_db/MOUSE/HOCOMOCOv11_core_MOUSE_mono_meme_format.meme	BACH2_MOUSE.H11MO.0.A		TGCTGAGTCAY	334	12.29	279	10.26	1.2	5.8	1.03e-2	-4.58	3.67e0	1.30	3.12e-2	-3.47
68	motif_db/MOUSE/HOCOMOCOv11_core_MOUSE_mono_meme_format.meme	STAT3_MOUSE.H11MO.0.A		SAYTTCCHRGMA	351	12.91	295	10.85	1.19	6.9	1.05e-2	-4.55	3.78e0	1.33	3.16e-2	-3.45
69	motif_db/MOUSE/HOCOMOCOv11_core_MOUSE_mono_meme_format.meme	ZIC1_MOUSE.H11MO.0.B		KGGGWGGTS	1417	52.13	1332	49.01	1.06	4.9	1.13e-2	-4.48	4.06e0	1.40	3.35e-2	-3.40
70	motif_db/MOUSE/HOCOMOCOv11_core_MOUSE_mono_meme_format.meme	ERR2_MOUSE.H11MO.0.A		RAGTTCAAGGTCAYMYW	733	26.97	659	24.25	1.11	1.6	1.16e-2	-4.45	4.17e0	1.43	3.39e-2	-3.38
71	motif_db/MOUSE/HOCOMOCOv11_core_MOUSE_mono_meme_format.meme	GABPA_MOUSE.H11MO.0.A		GGVRCCGGAAGTGV	93	3.42	65	2.39	1.42	8.4	1.45e-2	-4.23	5.18e0	1.65	4.11e-2	-3.19
72	motif_db/MOUSE/HOCOMOCOv11_core_MOUSE_mono_meme_format.meme	MAFK_MOUSE.H11MO.0.A		DWWWYTGCTGAGTCAKCWHW	335	12.33	283	10.41	1.18	0.076	1.46e-2	-4.22	5.24e0	1.66	4.11e-2	-3.19
73	motif_db/MOUSE/HOCOMOCOv11_core_MOUSE_mono_meme_format.meme	FOXL2_MOUSE.H11MO.0.C		TGTTTAYATTW	913	33.59	837	30.79	1.09	2.6	1.47e-2	-4.22	5.27e0	1.66	4.11e-2	-3.19
74	motif_db/MOUSE/HOCOMOCOv11_core_MOUSE_mono_meme_format.meme	HIF1A_MOUSE.H11MO.0.C		GDACGTGM	593	21.82	528	19.43	1.12	6	1.59e-2	-4.14	5.71e0	1.74	4.39e-2	-3.12
75	motif_db/MOUSE/HOCOMOCOv11_core_MOUSE_mono_meme_format.meme	FOXD3_MOUSE.H11MO.0.C		KBTGTTTNCWTWRBH	488	17.95	428	15.75	1.14	6.7	1.62e-2	-4.12	5.82e0	1.76	4.42e-2	-3.12
76	motif_db/MOUSE/HOCOMOCOv11_core_MOUSE_mono_meme_format.meme	PRDM5_MOUSE.H11MO.0.A		VMTGGAGADCMRGGW	913	33.59	839	30.87	1.09	4.1	1.71e-2	-4.07	6.11e0	1.81	4.58e-2	-3.08
77	motif_db/MOUSE/HOCOMOCOv11_core_MOUSE_mono_meme_format.meme	MAFB_MOUSE.H11MO.0.B		TGCTGASTYAD	2213	81.42	2150	79.10	1.03	2.2	1.73e-2	-4.06	6.19e0	1.82	4.58e-2	-3.08
78	motif_db/MOUSE/HOCOMOCOv11_core_MOUSE_mono_meme_format.meme	FOS_MOUSE.H11MO.0.A		SDRTGAGTCAYC	63	2.32	41	1.51	1.52	7.1	1.86e-2	-3.99	6.64e0	1.89	4.85e-2	-3.03
79	motif_db/MOUSE/HOCOMOCOv11_core_MOUSE_mono_meme_format.meme	SIX4_MOUSE.H11MO.0.C		WGWAACCTGASMSY	2469	90.84	2422	89.11	1.02	1.8	1.88e-2	-3.97	6.75e0	1.91	4.87e-2	-3.02
80	motif_db/MOUSE/HOCOMOCOv11_core_MOUSE_mono_meme_format.meme	ERG_MOUSE.H11MO.0.A		VVRCMGGAAGYRVV	417	15.34	363	13.36	1.15	6	2.01e-2	-3.91	7.21e0	1.98	5.13e-2	-2.97
81	motif_db/MOUSE/HOCOMOCOv11_core_MOUSE_mono_meme_format.meme	ELF1_MOUSE.H11MO.0.A		SRACCCGGAAGTGS	130	4.78	99	3.64	1.31	7.3	2.13e-2	-3.85	7.62e0	2.03	5.36e-2	-2.93
82	motif_db/MOUSE/HOCOMOCOv11_core_MOUSE_mono_meme_format.meme	RUNX1_MOUSE.H11MO.0.A		BYYTGTGGTTWB	642	23.62	580	21.34	1.11	4	2.37e-2	-3.74	8.50e0	2.14	5.88e-2	-2.83
83	motif_db/MOUSE/HOCOMOCOv11_core_MOUSE_mono_meme_format.meme	WT1_MOUSE.H11MO.0.B		RGGVGGGGGAGGRGGVGGRG	29	1.07	15	0.55	1.88	14	2.39e-2	-3.73	8.57e0	2.15	5.88e-2	-2.83
84	motif_db/MOUSE/HOCOMOCOv11_core_MOUSE_mono_meme_format.meme	ELK1_MOUSE.H11MO.0.B		RCCGGAAGTGV	401	14.75	350	12.88	1.15	4.9	2.47e-2	-3.70	8.83e0	2.18	5.99e-2	-2.82
85	motif_db/MOUSE/HOCOMOCOv11_core_MOUSE_mono_meme_format.meme	SOX3_MOUSE.H11MO.0.C		BCCTTTGTBYB	493	18.14	438	16.11	1.13	5.8	2.59e-2	-3.65	9.28e0	2.23	6.22e-2	-2.78
86	motif_db/MOUSE/HOCOMOCOv11_core_MOUSE_mono_meme_format.meme	ELF2_MOUSE.H11MO.0.C		TDNCAGGAAGTRRVT	287	10.56	244	8.98	1.18	4.3	2.75e-2	-3.59	9.83e0	2.29	6.52e-2	-2.73

# SEA (Simple Enrichment Analysis): Version 5.5.2 compiled on Apr  9 2023 at 14:33:57
# The format of this file is described at https://meme-suite.org/meme/doc/sea-output-format.html.
# sea --verbosity 1 --oc . --thresh 10.0 --align center --p Klf4_peaks_ver2.bed.fa --m motif_db/MOUSE/HOCOMOCOv11_core_MOUSE_mono_meme_format.meme
